Name, Address
Ormskirk hospital restaurant,"Ormskirk & District General Hospita, Wigan Road, Lancashire, L39 2AZ"
The Cricketers,"24 Chapel Street, Lancashire, L39 4QF"
Jill Martin Ltd trading as The Edge,"3a, St. Helens Road, Lancashire, L39 4QJ"
Mandrakes A Magical Experience,"4 St. Helens Road, Lancashire, L39 4QR"
The Fat Italian Ormskirk,"47 Derby Street, Lancashire, L39 2BW"
"M R (OMSKIRK)LTD, TRADING AS PASSAGE TO INDIA","40a, Moor Street, Lancashire, L39 2AQ"
The Old Post Office,"19-21, Aughton Street, Lancashire, L39 3BH"
AGA Catering Ltd,"6 Railway Road, Lancashire, L39 2DN"
Starbucks Ormskirk,"10 Moor Street, Lancashire, L39 2AQ"
Costa Coffee,"1 Aughton Street, Lancashire, L39 3BH"
Love to Eat ,"2 Burscough Street, Lancashire, L39 2ER"
Brooke’s Bistro ,"Brookside Living , Aughton St, Lancs, L39 3BS"
Barnyard Churrasco and grill,"1 Wheatsheaf Walk, Lancashire, L39 2XA"
McDonalds,"Units C&F Two Saints Retail Park , Park Road, West Lancashire , L39 3AE"
Il Padrino," 34 , Burscough St, L39 2ES"
Becks Sandwich Bar,"40 Burscough Street, Lancashire, L39 2ES"
Market Cross,"market cross, 26 Church St, Lancashire, L39 3AN"
Bramleys Coffee House  ,"6 Church Walks, Lancashire, L39 3QS"
Two Cents Pizza LTD,"41 Burscough Street, Lancashire, L39 2EG"
Dinky Dory,"23 Church Street, Lancashire, L39 3AG"
Subway,"31 Church Street, Lancashire, L39 3AG"
Turquaz turkish bbq restaurant ,"46 Church Street, Lancashire, L39 3AW"
The Dog and Gun Inn,"233 Long Lane, Aughton, Lancashire, L39 5BU"
O'BRIENS TEA ROOMS ,"O'Briens Tea Room, PARK ROAD, Lancashire, L39 3BY"
Costa Coffee,"1 Hattersley Way, Lancashire, L39 2AN"
The Cherry House Ltd.,"150 County Road, Lancashire, L39 1NN"
The Cherry House Ltd.,"150 County road, Lancashire, L39 1NN"
The Barn at Moor Hall,"Moor Hall Barn, Prescot Road, Lancashire, L39 6RT"
the royal oak,"134 Liverpool Road, Aughton, Lancashire, L39 3LW"
Warbreck Garden Centre,"Lyelake Lane, Lathom, Lancashire, L40 6JW"
The Kicking Donkey,"50 Narrow Moss Lane, Scarisbrick, Lancashire, L40 8HY"
Fylde Fish and Chips,"Unit 10, Ringtail Retail Park, Lancashire, L40 8AD"
Booths,"Unit 1, Ringtail Retail Park, Lancashire, L40 8AD"
Subway,"Unit 8, Ringtail Retail Park, Lancashire, L40 8AD"
the plough inn ,"the plough inn , spa lane , L40 6JG"
The Stanley Arms,"The Stanley Arms, St. Michael Road, Lancashire, L39 6SA"
Hurlston Hall Sports and Leisure Limited,"Hurlston Lane, Scarisbrick, L40 8HB"
Mossock Hall Golf Club,"Mossock Hall Farm, Liverpool Road, Lancashire, L39 0EE"
Hurlston Hall Clubhouse Limited,"Hurlston Lane, Scarisbrick, Lancashire, L40 8HB"
Hurlston Hall Trading Limited,"Hurlston Lane, Scarisbrick, Lancashire, L40 8HB"
Quattros,"54 Rainford Road, Bickerstaffe, Lancashire, L39 0HF"
Brew and Buddies Play & Learn Centre Ltd,"603 Merlin Business Park, Ringtail Road, Lancashire, L40 8JY"
milano coffee shop ,"Southport Road, Scarisbrick, Lancashire, L40 8HF"
The Ship at Lathom LTD,"4 Wheat Lane, Lathom, Lancashire, L40 4BX"
The Old Packet House,"29 Liverpool Road North, Burscough, Lancashire, L40 5TN"
The Farmers Arms ,"36 New Lane, Burscough, Lancashire, L40 8JA"
The Blue Mallard,"Unit 14, Burscough Wharf, Liverpool Road North, Lancashire, L40 5RZ"
Hugo's,"Unit 4, Burscough Wharf, Liverpool Road North, Lancashire, L40 5RZ"
Eden ,"2-4 Orrell Lane, Lancashire, L40 0SQ"
Saracens Head,"100 Summerwood Lane, Halsall, Lancashire, L39 8RH"
HOP VINE,"THE HOP VINE, LIVERPOOL RD NORTH, Lancashire, L40 4BY"
The Farm Burscough Ltd,"71 Martin Lane, Burscough, Lancashire, L40 0RT"
The Tearoom at Scarisbrick Marina,"Scarisbrick Marina, Southport Road, Lancashire, L40 9RH"
the village bakehouse,"the village bakehouse, cross lane, ormskirk, l39 8rn"
Subway,"109 Deyes Lane, Merseyside, L31 6DG"
The Weld Blundell,"The Weld Blundell, 226 Southport Road,, Merseyside, L31 4EF"
eden tearoom and galleries,"eden tearoom and galleries, course lane, lancs, WN8 7UB"
Tokala Ltd,"The Fox 31 Foxhouse Lane, L31 3EW"
Costa Coffee,"32 Westway, Maghull, Merseyside, L31 0DQ"
Ormskirk pubco limited t/a The Fat Italian burscough,"188 Moss Lane, Burscough, Lancashire, L40 4AY"
Siesta Coffee,"Unit 110, The Concourse Shopping Centre, WN8 6LN"
Subway,"Subway - Unit 149 The Concourse, Lancashire, WN8 6LN"
Leisuretime,"15a, The Concourse, Lancashire, WN8 6LB"
McDonald,"The Concourse Shopping centre, 116 Southway, Lancashire, WN8 6LQ"
McDonalds,"116 The Concourse Shopping Centre, Southway, West Lancashire , WN8 6LQ"
Suzys Cafe,"7 Stafford Moreton Way, Merseyside, L31 2PH"
THE NEW SCARISBRICK ARMS RESTAURANT,"Black-A-Moor Lane, Downholland, Lancashire, L39 7HX"
MUGHAL DELIVERY LTD,"4 Liverpool Road North, Merseyside, L31 2PN"
Bay of Bengal Tanduri Ltd,"9 Liverpool Road N, L31 2HB"
LAL QILA INDIAN RESTURANT,"5 Red Lion Building, Liverpool Road North, Merseyside, L31 2HB"
Master McGraths,"535 Southport Road, Scarisbrick, Lancashire, L40 9RF"
Bernie's Deli Too,"14-15, Tree View Court, Merseyside, L31 3HF"
The Junction,"The Junction, 102 News Lane, Rainford, Merseyside, WA11 7JU"
WAYFARER RESTAURANT LTD,"1-3, Alder Lane, Lancashire, WN8 7NL"
Bridge Farm Coffee Shop and cafe,"Bridge Farm, News Lane, Merseyside, WA11 7JT"
The Windmill Pub,"The Windmill Pub, 3 Mill Lane, Parbold, Lancashire, WN8 7NW"
Coffee Etc Cafe,"3 Station Road, Parbold, Lancashire, WN8 7NU"
YOURS IS THE EARTH LTD,"2 Mill Lane, Parbold, Lancashire, WN8 7NW"
McDonald's,"McDonalds County Road, County Road, Kirkby, Merseyside, L32 1TS"
Mellors Catering Services Ltd,"2 Pit Hey Place, Lancashire, WN8 9PG"
